tag,filename,sha256,scanned,malicious,suspicious,undetected,harmless
v9.0.0,mdedup-9.0.0-linux-arm64.bin,1d4599e152e2d75561ff931abf82fa49e28a0084942d838c28b444505d625a6b,2026-07-27,0,0,54,0
v9.0.0,mdedup-9.0.0-linux-x64.bin,6a2620943ce7bd6b463eb08213e8407b0a51e11a92de8aa75f5352552f92d980,2026-07-27,0,0,55,0
v9.0.0,mdedup-9.0.0-macos-arm64.bin,822d9557b2bb7f7dc04f83de6995e50b8ff975d3c000e94392ffa2a6894eeece,2026-07-27,0,0,44,0
v9.0.0,mdedup-9.0.0-macos-x64.bin,1d782b2ba521a6aa6aaa24fad9b804d321bc421a8dc759752a670e8d6d00ebe4,2026-07-27,0,0,61,0
v9.0.0,mdedup-9.0.0-windows-arm64.exe,ac93cbd490b4cdb27a4ddc55e8b7666cbdeaf728c351ea82807ca8752e684268,2026-07-27,2,0,65,0
v9.0.0,mdedup-9.0.0-windows-x64.exe,67153a12aef3216177a16ba0ce1726a3acc58b3e69756f9b20cf498a8ef7ebe6,2026-07-27,19,0,41,0
v9.1.0,mdedup-9.1.0-linux-arm64.bin,560adf19bcd9da6f81144b56593457e5a92ae63cdd6cd50ce547aeddb6f368fd,2026-08-01,0,0,63,0
v9.1.0,mdedup-9.1.0-linux-x64.bin,28d88f4abd50b7875afbb576d750dc23b5439d64996a10c04b1d37d6eae4a885,2026-08-01,0,0,63,0
v9.1.0,mdedup-9.1.0-macos-arm64.bin,77409ad8a753efd73301c42d360ed0d5f16c49396016aa0eaf2601e508a40c19,2026-08-01,0,0,61,0
v9.1.0,mdedup-9.1.0-macos-x64.bin,a80f2a5826d250af82a78713a8eb57a13c1054e4ca6dd5d935c524888d6b288d,2026-08-01,0,0,61,0
v9.1.0,mdedup-9.1.0-windows-arm64.exe,6e0fad4556d5d75aeaaa089ecd740424577d7c9dffe666837533ff0ddcb454a2,2026-08-01,3,0,66,0
v9.1.0,mdedup-9.1.0-windows-x64.exe,6e08e9d69cc4e193ab45ca91e2e09fd677799929e815ac1e6a1552f7cc6bbb5e,2026-08-01,13,0,58,0
v9.2.0,mdedup-9.2.0-linux-arm64.bin,6c6a982af640af659d057d0e2d1e582820a33675b2bdbef1f793750f1b5843de,2026-08-07,1,0,61,0
v9.2.0,mdedup-9.2.0-linux-x64.bin,7dc51a0d7bc06bcbd4cd7733b5448006191026d933520c7a3d625ebd5acd6e41,2026-08-07,1,0,61,0
v9.2.0,mdedup-9.2.0-macos-arm64.bin,48a6c14980851557cee41c542f6d9b8cc0f9c2f6cba7459cc1656ba00fbb1a80,2026-08-07,1,0,60,0
v9.2.0,mdedup-9.2.0-macos-x64.bin,71d85214144fd2916532ab63be78af3693c1a432d80695dde4bec2d0d8ddcda6,2026-08-07,0,0,61,0
v9.2.0,mdedup-9.2.0-windows-arm64.exe,21f19456739385a7f55e6a4b537c53e7c8bc7869156889da3e100c8cf0d6731d,2026-08-07,2,0,66,0
v9.2.0,mdedup-9.2.0-windows-x64.exe,9ec0d8949fb0fb1a6619d29659435db8d8753642c9c80299ab8d60004bdddaca,2026-08-07,13,0,57,0
v9.3.0,mdedup-9.3.0-linux-arm64.bin,29a0eb2d9bc1fa396eaf24123b9bb44977b704642f18d08a2721cecd7389df3e,2026-08-08,1,0,61,0
v9.3.0,mdedup-9.3.0-linux-x64.bin,3c3487275b55dff95505de154200bcb263ecb9c112be846272f0fef67b7722f0,2026-08-08,0,0,62,0
v9.3.0,mdedup-9.3.0-macos-arm64.bin,f31d4c72b0989bb605c351a2356e6a3a6fc83242884960140a4f0f5cb206f42b,2026-08-08,0,0,61,0
v9.3.0,mdedup-9.3.0-macos-x64.bin,f61c7970b685b7ed2d5d32998a259debdbc0053d83a1a137ab9af751ba7b4b13,2026-08-08,1,0,60,0
v9.3.0,mdedup-9.3.0-windows-x64.exe,8d81fef1e5ad32fe45b16d238bd8d3279a837f77daf0ef930760e0eb33f6dae9,2026-08-08,12,0,58,0
v9.3.1,mdedup-9.3.1-linux-arm64.bin,c89831ea2b8285c966b63bacc7db83f9701b8f21b2f4f5bcf496b755e89a6db3,2026-08-28,0,0,62,0
v9.3.1,mdedup-9.3.1-linux-x64.bin,ef6bb593dc73d1cc6690ab9734fad597f3b4b95eccb0d3336da6f8e5c3e949f3,2026-08-28,0,0,63,0
v9.3.1,mdedup-9.3.1-macos-arm64.bin,0e8b299bbe0cd14363778974fdf4d7b6447b9596fc71554000b9b7ea3bbe36a6,2026-08-28,0,0,61,0
v9.3.1,mdedup-9.3.1-macos-x64.bin,534773e3b23244724bfbbce9fb37f70a1aa24d0a65f443e9ea7952c5b5f25c76,2026-08-28,0,0,61,0
v9.3.1,mdedup-9.3.1-windows-arm64.exe,14d6353b5ba64f2c0ac1ad8088f22bd5df535dc915bad35efe031503ae064ba2,2026-08-28,2,0,66,0
v9.3.1,mdedup-9.3.1-windows-x64.exe,163d4901f1df8eb3a53707db8cc3f6500f1a20214109b967d62ecd80f3f57d0c,2026-08-28,14,0,56,0
